{
    "eval_loss": 1.364646315574646,
    "eval_perplexity": 3.914338366620492,
    "eval_runtime": 40.1432,
    "eval_samples_per_second": 4.011,
    "eval_steps_per_second": 2.018
}